textbook  chapters,Link
,https://www.pathologyoutlines.com//html
,https://www.pathologyoutlines.com//html
,https://www.pathologyoutlines.com//html
,https://www.pathologyoutlines.com//html
,https://www.pathologyoutlines.com//html
,https://www.pathologyoutlines.com//html
 ,https://www.pathologyoutlines.com/ /html
,https://www.pathologyoutlines.com//html
,https://www.pathologyoutlines.com//html
Autopsy: Asphyxia,https://www.pathologyoutlines.com/Autopsy: Asphyxia/html
Kidney: Renal amyloidosis,https://www.pathologyoutlines.com/Kidney: Renal amyloidosis/html
Kidney: Acute tubular necrosis,https://www.pathologyoutlines.com/Kidney: Acute tubular necrosis/html
Lab Admin: Laboratory inspection and accreditation,https://www.pathologyoutlines.com/Lab Admin: Laboratory inspection and accreditation/html
Molecular markers: CSF3R,https://www.pathologyoutlines.com/Molecular markers: CSF3R/html
View more >>,https://www.pathologyoutlines.com/View more >>/html
,https://www.pathologyoutlines.com//html
 ,https://www.pathologyoutlines.com/ /html
Adrenal gland & paraganglia,https://www.pathologyoutlines.com/Adrenal gland & paraganglia/html
Anus & perianal,https://www.pathologyoutlines.com/Anus & perianal/html
Appendix,https://www.pathologyoutlines.com/Appendix/html
Autopsy & forensics,https://www.pathologyoutlines.com/Autopsy & forensics/html
"Bladder, ureter & renal pelvis","https://www.pathologyoutlines.com/Bladder, ureter & renal pelvis/html"
Bone & joints,https://www.pathologyoutlines.com/Bone & joints/html
Bone marrow neoplastic,https://www.pathologyoutlines.com/Bone marrow neoplastic/html
Bone marrow nonneoplastic,https://www.pathologyoutlines.com/Bone marrow nonneoplastic/html
Breast,https://www.pathologyoutlines.com/Breast/html
Cervix,https://www.pathologyoutlines.com/Cervix/html
"Chemistry, toxicology & urinalysis","https://www.pathologyoutlines.com/Chemistry, toxicology & urinalysis/html"
CNS nontumor,https://www.pathologyoutlines.com/CNS nontumor/html
CNS tumor,https://www.pathologyoutlines.com/CNS tumor/html
Coagulation,https://www.pathologyoutlines.com/Coagulation/html
Colon,https://www.pathologyoutlines.com/Colon/html
COVID-19,https://www.pathologyoutlines.com/COVID-19/html
Cytopathology,https://www.pathologyoutlines.com/Cytopathology/html
Ear,https://www.pathologyoutlines.com/Ear/html
Esophagus,https://www.pathologyoutlines.com/Esophagus/html
Eye,https://www.pathologyoutlines.com/Eye/html
Fallopian tubes & broad ligament,https://www.pathologyoutlines.com/Fallopian tubes & broad ligament/html
Gallbladder & extrahep bile ducts,https://www.pathologyoutlines.com/Gallbladder & extrahep bile ducts/html
Heart,https://www.pathologyoutlines.com/Heart/html
Hematology,https://www.pathologyoutlines.com/Hematology/html
"Informatics, digital & computational","https://www.pathologyoutlines.com/Informatics, digital & computational/html"
Kidney nontumor,https://www.pathologyoutlines.com/Kidney nontumor/html
Kidney tumor,https://www.pathologyoutlines.com/Kidney tumor/html
Lab admin & management,https://www.pathologyoutlines.com/Lab admin & management/html
"Larynx, hypopharynx & trachea","https://www.pathologyoutlines.com/Larynx, hypopharynx & trachea/html"
Liver & intrahepatic bile ducts,https://www.pathologyoutlines.com/Liver & intrahepatic bile ducts/html
Lung,https://www.pathologyoutlines.com/Lung/html
Lymph nodes & spleen,https://www.pathologyoutlines.com/Lymph nodes & spleen/html
Lymphoma & related disorders,https://www.pathologyoutlines.com/Lymphoma & related disorders/html
Mandible & maxilla,https://www.pathologyoutlines.com/Mandible & maxilla/html
Mediastinum,https://www.pathologyoutlines.com/Mediastinum/html
Microbiology & parasitology,https://www.pathologyoutlines.com/Microbiology & parasitology/html
Molecular markers,https://www.pathologyoutlines.com/Molecular markers/html
Muscle & nerve nontumor,https://www.pathologyoutlines.com/Muscle & nerve nontumor/html
Nasal cavity & nasopharynx,https://www.pathologyoutlines.com/Nasal cavity & nasopharynx/html
Oral cavity & oropharynx,https://www.pathologyoutlines.com/Oral cavity & oropharynx/html
Ovary,https://www.pathologyoutlines.com/Ovary/html
Pancreas,https://www.pathologyoutlines.com/Pancreas/html
Penis & scrotum,https://www.pathologyoutlines.com/Penis & scrotum/html
Placenta,https://www.pathologyoutlines.com/Placenta/html
Pleura & peritoneum,https://www.pathologyoutlines.com/Pleura & peritoneum/html
Prostate gland & seminal vesicles,https://www.pathologyoutlines.com/Prostate gland & seminal vesicles/html
Salivary glands,https://www.pathologyoutlines.com/Salivary glands/html
Skin melanocytic tumor,https://www.pathologyoutlines.com/Skin melanocytic tumor/html
Skin nonmelanocytic tumor,https://www.pathologyoutlines.com/Skin nonmelanocytic tumor/html
Skin nontumor,https://www.pathologyoutlines.com/Skin nontumor/html
Small intestine & ampulla,https://www.pathologyoutlines.com/Small intestine & ampulla/html
Soft tissue,https://www.pathologyoutlines.com/Soft tissue/html
Staging,https://www.pathologyoutlines.com/Staging/html
Stains & CD markers,https://www.pathologyoutlines.com/Stains & CD markers/html
Stomach,https://www.pathologyoutlines.com/Stomach/html
Testis & paratestis,https://www.pathologyoutlines.com/Testis & paratestis/html
Thyroid & parathyroid,https://www.pathologyoutlines.com/Thyroid & parathyroid/html
Transfusion medicine,https://www.pathologyoutlines.com/Transfusion medicine/html
Uterus,https://www.pathologyoutlines.com/Uterus/html
"Vulva, vagina & female urethra","https://www.pathologyoutlines.com/Vulva, vagina & female urethra/html"
 ,https://www.pathologyoutlines.com/ /html
 ,https://www.pathologyoutlines.com/ /html
here,https://www.pathologyoutlines.com/here/html
Media Kit,https://www.pathologyoutlines.com/Media Kit/html
testimonials,https://www.pathologyoutlines.com/testimonials/html
Read more >>,https://www.pathologyoutlines.com/Read more >>/html
testimonials,https://www.pathologyoutlines.com/testimonials/html
Read more >>,https://www.pathologyoutlines.com/Read more >>/html
Home,https://www.pathologyoutlines.com/Home/html
About Us,https://www.pathologyoutlines.com/About Us/html
Advertise,https://www.pathologyoutlines.com/Advertise/html
Amazon.com,https://www.pathologyoutlines.com/Amazon.com/html
Authors,https://www.pathologyoutlines.com/Authors/html
Blog,https://www.pathologyoutlines.com/Blog/html
Board Review,https://www.pathologyoutlines.com/Board Review/html
Books,https://www.pathologyoutlines.com/Books/html
Cases,https://www.pathologyoutlines.com/Cases/html
CME (online),https://www.pathologyoutlines.com/CME (online)/html
Crosswords,https://www.pathologyoutlines.com/Crosswords/html
Comment Here,https://www.pathologyoutlines.com/Comment Here/html
Conferences / Webinars,https://www.pathologyoutlines.com/Conferences / Webinars/html
Contact Us,https://www.pathologyoutlines.com/Contact Us/html
CCN,https://www.pathologyoutlines.com/CCN/html
Detroit College Promise,https://www.pathologyoutlines.com/Detroit College Promise/html
Directory,https://www.pathologyoutlines.com/Directory/html
FAQ,https://www.pathologyoutlines.com/FAQ/html
Fellowships,https://www.pathologyoutlines.com/Fellowships/html
Grants,https://www.pathologyoutlines.com/Grants/html
Jobs,https://www.pathologyoutlines.com/Jobs/html
Libraries,https://www.pathologyoutlines.com/Libraries/html
Merchandise,https://www.pathologyoutlines.com/Merchandise/html
Newsletters,https://www.pathologyoutlines.com/Newsletters/html
Privacy Policy,https://www.pathologyoutlines.com/Privacy Policy/html
Statistics,https://www.pathologyoutlines.com/Statistics/html
Testimonials,https://www.pathologyoutlines.com/Testimonials/html
Home,https://www.pathologyoutlines.com/Home/html
About Us,https://www.pathologyoutlines.com/About Us/html
Advertise,https://www.pathologyoutlines.com/Advertise/html
Amazon.com,https://www.pathologyoutlines.com/Amazon.com/html
Authors,https://www.pathologyoutlines.com/Authors/html
Blog,https://www.pathologyoutlines.com/Blog/html
Board Review,https://www.pathologyoutlines.com/Board Review/html
Books,https://www.pathologyoutlines.com/Books/html
Cases,https://www.pathologyoutlines.com/Cases/html
CME (online),https://www.pathologyoutlines.com/CME (online)/html
Crosswords,https://www.pathologyoutlines.com/Crosswords/html
Comment Here,https://www.pathologyoutlines.com/Comment Here/html
Conferences / Webinars,https://www.pathologyoutlines.com/Conferences / Webinars/html
Contact Us,https://www.pathologyoutlines.com/Contact Us/html
CCN,https://www.pathologyoutlines.com/CCN/html
Detroit College Promise,https://www.pathologyoutlines.com/Detroit College Promise/html
Directory,https://www.pathologyoutlines.com/Directory/html
FAQ,https://www.pathologyoutlines.com/FAQ/html
Fellowships,https://www.pathologyoutlines.com/Fellowships/html
Grants,https://www.pathologyoutlines.com/Grants/html
Jobs,https://www.pathologyoutlines.com/Jobs/html
Libraries,https://www.pathologyoutlines.com/Libraries/html
Merchandise,https://www.pathologyoutlines.com/Merchandise/html
Newsletters,https://www.pathologyoutlines.com/Newsletters/html
Privacy Policy,https://www.pathologyoutlines.com/Privacy Policy/html
Statistics,https://www.pathologyoutlines.com/Statistics/html
Testimonials,https://www.pathologyoutlines.com/Testimonials/html
Comments@pathologyoutlines.com,https://www.pathologyoutlines.com/Comments@pathologyoutlines.com/html
,https://www.pathologyoutlines.com//html
,https://www.pathologyoutlines.com//html
,https://www.pathologyoutlines.com//html
,https://www.pathologyoutlines.com//html
,https://www.pathologyoutlines.com//html
